{"schemaVersion":"1.0","appDefinitionTemplate":{"id":"/providers/Microsoft.PowerApps/apps/","type":"Microsoft.PowerApps/apps","tags":{"primaryDeviceWidth":"1194","primaryDeviceHeight":"834","supportsPortrait":"true","supportsLandscape":"true","primaryFormFactor":"Tablet","showStatusBar":"true","publisherVersion":"3.24051.29","minimumRequiredApiVersion":"2.2.0","hasComponent":"false","hasUnlockedComponent":"false","isUnifiedRootApp":"false","sienaVersion":"20240530T061524Z-3.24051.29.0"},"properties":{"appVersion":"2024-05-30T06:15:24Z","lifeCycleId":"Published","createdByClientVersion":{"major":3,"minor":24051,"build":29,"revision":0,"majorRevision":0,"minorRevision":0},"minClientVersion":{"major":3,"minor":24051,"build":29,"revision":0,"majorRevision":0,"minorRevision":0},"backgroundColor":"rgba(167, 41, 245, 1)","backgroundImageUri":"/7733496407671499532/N774b9180-dcf7-4751-8a65-c2df1e995e4f-logoSmallFile","displayName":"Shalom Quiz APP","description":"","commitMessage":"","appUris":{"documentUri":{"value":"/7733496407671499532/N7fce0826-aecd-4406-97b3-8b2df5069058-document.msapp"},"imageUris":[],"additionalUris":[{"isSolutionAware":false,"value":"/7733496407671499532/Nd6f48e44-f3c0-4010-be7d-a67995b3b521-identity.json"}]},"createdTime":"0001-01-01T00:00:00Z","lastModifiedTime":"0001-01-01T00:00:00Z","sharedGroupsCount":0,"sharedUsersCount":0,"connectionReferences":{},"databaseReferences":{},"almMode":"Environment","performanceOptimizationEnabled":false,"canConsumeAppPass":false,"enableModernRuntimeMode":false,"executionRestrictions":{"isTeamsOnly":false,"dataLossPreventionEvaluationResult":{"status":"Compliant","lastEvaluationDate":"2024-05-30T06:15:27.7552233Z","violations":[],"violationsByPolicy":[],"violationErrorMessage":"The app uses the following connectors: ."}}},"appType":"ClassicCanvasApp","appComponents":[]}}