{"name":"5f59df7c-516c-024c-15d1-820f9b9b3d61","id":"/providers/Microsoft.Flow/flows/5f59df7c-516c-024c-15d1-820f9b9b3d61","type":"Microsoft.Flow/flows","properties":{"apiId":"/providers/Microsoft.PowerApps/apis/shared_logicflows","displayName":"Notify a User of Order","definition":{"metadata":{"workflowEntityId":"620f2c99-04c1-ee11-9079-000d3a58be93","processAdvisorMetadata":null,"flowChargedByPaygo":null,"flowclientsuspensionreason":"None","flowclientsuspensiontime":null,"flowclientsuspensionreasondetails":null,"creator":{"id":"cab7f224-e428-4cd1-abb3-73ee1286fd3b","type":"User","tenantId":"f5b6e756-09e5-4df6-a839-0c9021ea0c90"},"provisioningMethod":"FromDefinition","failureAlertSubscription":true,"clientLastModifiedTime":"2024-03-29T07:44:54.1565626Z","connectionKeySavedTimeKey":"2024-03-29T07:44:54.1565626Z"},"$schema":"https://schema.management.azure.com/providers/Microsoft.Logic/schemas/2016-06-01/workflowdefinition.json#","contentVersion":"1.0.0.0","parameters":{"$connections":{"defaultValue":{},"type":"Object"},"$authentication":{"defaultValue":{},"type":"SecureObject"}},"triggers":{"manual":{"metadata":{"operationMetadataId":"95047f7b-504e-4fee-a934-39959febef5e"},"type":"Request","kind":"PowerAppV2","inputs":{"schema":{"type":"object","properties":{"email":{"title":"email","type":"string","format":"email","x-ms-dynamically-added":true,"description":"Please enter an e-mail address","x-ms-content-hint":"EMAIL"},"text":{"title":"Name","type":"string","x-ms-dynamically-added":true,"description":"Please enter your input","x-ms-content-hint":"TEXT"},"text_1":{"title":"Data","type":"string","x-ms-dynamically-added":true,"description":"Please enter your input","x-ms-content-hint":"TEXT"},"text_2":{"title":"Total","type":"string","x-ms-dynamically-added":true,"description":"Please enter your input","x-ms-content-hint":"TEXT"}},"required":["email","text","text_1","text_2"]}}}},"actions":{"TableCreate":{"runAfter":{},"metadata":{"operationMetadataId":"c54df13d-1dc5-4f32-ac67-cb544f779bcb"},"type":"Table","inputs":{"from":"@json(triggerBody()['text_1'])","format":"HTML","columns":[{"header":"Name","value":"@item()?['Name']"},{"header":"Quantity","value":"@item()?['Quantity']"},{"header":"Size","value":"@item()?['Size']"},{"header":"Weight","value":"@item()?['Weight']"}]}},"Send_an_email_(V2)":{"runAfter":{"TableCreate":["Succeeded"]},"metadata":{"operationMetadataId":"0fcfe24b-559f-42b9-84b0-f3443e8921e0"},"type":"OpenApiConnection","inputs":{"host":{"apiId":"/providers/Microsoft.PowerApps/apis/shared_office365","connectionName":"shared_office365","operationId":"SendEmailV2"},"parameters":{"emailMessage/To":"@triggerBody()['email']","emailMessage/Subject":"Thanks for Shopping - Your order.","emailMessage/Body":"<p>Hello<strong> </strong><strong>@{triggerBody()['text']}</strong><strong>,</strong><br>\n<strong><br>\nHere is a summary of your order.<br>\n<br>\n</strong><strong>@{body('TableCreate')}</strong><strong><br>\n<br>\nTotal:</strong> NGN @{triggerBody()['text_2']}.<br>\n<br>\nThanks for Shooping with us �<br>\n<br>\nRegards,<br>\n<br>\n<strong>SoleStyle Team</strong><br>\n<br>\n</p>","emailMessage/Cc":"Kealzone@zxty0.onmicrosoft.com","emailMessage/Importance":"Normal"},"authentication":{"value":"@json(decodeBase64(triggerOutputs().headers['X-MS-APIM-Tokens']))['$ConnectionKey']","type":"Raw"}}}},"description":"Proivide a title, message, an email address and it will send a crafted Adaptive Card in Microsoft Teams to notify the user. This Adaptive Card will display the message and enable the recipient to open directly the PowerApps in Microsoft Teams without extra setup."},"connectionReferences":{"shared_office365":{"connectionName":"shared-office365-d95f60ca-7db3-44f4-8a5d-b4ca6b079df1","source":"Invoker","id":"/providers/Microsoft.PowerApps/apis/shared_office365","tier":"NotSpecified"}},"flowFailureAlertSubscribed":false,"isManaged":false}}