{"schemaVersion":"1.0","appDefinitionTemplate":{"id":"/providers/Microsoft.PowerApps/apps/","type":"Microsoft.PowerApps/apps","tags":{"primaryDeviceWidth":"1366","primaryDeviceHeight":"768","supportsPortrait":"true","supportsLandscape":"true","primaryFormFactor":"Tablet","showStatusBar":"false","publisherVersion":"3.24015.12","minimumRequiredApiVersion":"2.2.0","hasComponent":"false","hasUnlockedComponent":"false","isUnifiedRootApp":"false","offlineLargeFilesSupport":"false","sienaVersion":"20240217T125338Z-3.24015.12.0"},"properties":{"appVersion":"2024-02-17T12:53:38Z","lifeCycleId":"Published","createdByClientVersion":{"major":3,"minor":24015,"build":12,"revision":0,"majorRevision":0,"minorRevision":0},"minClientVersion":{"major":3,"minor":24015,"build":12,"revision":0,"majorRevision":0,"minorRevision":0},"backgroundColor":"RGBA(0,176,240,1)","backgroundImageUri":"/11817761616482438495/Ncb5f66ee-9efd-44cf-aafb-9edcad97a403-logoSmallFile","displayName":"SoleStyleApp - For CHibuike","description":"","commitMessage":"","appUris":{"documentUri":{"value":"/11817761616482438495/N12dc3781-f388-4083-b9a3-e1e58ba844e7-document.msapp"},"imageUris":[],"additionalUris":[{"isSolutionAware":false,"value":"/11817761616482438495/Ne4efc581-21b2-4012-be2b-5a30b3334fee-identity.json"}]},"createdTime":"0001-01-01T00:00:00Z","lastModifiedTime":"0001-01-01T00:00:00Z","sharedGroupsCount":0,"sharedUsersCount":0,"connectionReferences":{"eff03379-c52d-4f33-aa9b-8a7a5ce32644":{"id":"172570af-0d7d-497a-88ad-2f1c4e84c7fa","displayName":"Logic flows","iconUri":"https://connectoricons-prod.azureedge.net/releases/v1.0.1664/1.0.1664.3477/logicflows/icon.png","dataSources":["NotifyaUserofOrder"],"dependencies":["b31ee737-538d-4026-8b98-3a0e9a785ca8"],"dependents":[],"parameterHints":{"workflowName":{"value":"7b9a8ce1-5a79-4a6d-be95-d93c263bebef"},"workflowEntityId":{"value":"620f2c99-04c1-ee11-9079-000d3a58be93"},"b31ee737-538d-4026-8b98-3a0e9a785ca8":{"value":"shared_office365"}},"parameterHintsV2":{"workflowName":{"value":"7b9a8ce1-5a79-4a6d-be95-d93c263bebef"},"workflowEntityId":{"value":"620f2c99-04c1-ee11-9079-000d3a58be93"},"shared_office365":{"value":"b31ee737-538d-4026-8b98-3a0e9a785ca8"}},"isOnPremiseConnection":false,"dataSets":{},"apiTier":"Standard","isCustomApiConnection":false,"actions":["Run"],"nestedActions":[{"id":"/providers/Microsoft.PowerApps/apis/shared_office365/apiOperations/SendEmailV2","apiName":"Office 365 Outlook","actionName":"SendEmailV2","referencedResources":[]}]},"b31ee737-538d-4026-8b98-3a0e9a785ca8":{"id":"2a626085-2ad3-4abf-91eb-af762c44e0f4","displayName":"Office 365 Outlook","iconUri":"https://connectoricons-prod.azureedge.net/releases/v1.0.1676/1.0.1676.3617/office365/icon.png","dataSources":[],"dependencies":[],"dependents":["eff03379-c52d-4f33-aa9b-8a7a5ce32644"],"parameterHints":{},"parameterHintsV2":{},"isOnPremiseConnection":false,"dataSets":{},"apiTier":"Standard","isCustomApiConnection":false}},"databaseReferences":{"default.cds":{"databaseDetails":{"referenceType":"NotSpecified","environmentName":"default.cds","overrideValues":{"status":"NotSpecified","environmentVariableName":""}},"dataSources":{"ShoeInventories":{"entitySetName":"cr5fb_shoeinventories","logicalName":"cr5fb_shoeinventory","isHidden":false},"ShoeOrders":{"entitySetName":"cr594_shoeorderses","logicalName":"cr594_shoeorders","isHidden":false},"ShoeOrderDetails":{"entitySetName":"cr594_shoeorderdetailses","logicalName":"cr594_shoeorderdetails","isHidden":false},"Users":{"entitySetName":"systemusers","logicalName":"systemuser","isHidden":false}},"actions":["providers/PowerPlatform.Governance/Operations/Read","providers/PowerPlatform.Governance/Operations/Write"]}},"almMode":"Solution","performanceOptimizationEnabled":true,"canConsumeAppPass":true,"enableModernRuntimeMode":false,"executionRestrictions":{"isTeamsOnly":false,"dataLossPreventionEvaluationResult":{"status":"Compliant","lastEvaluationDate":"2024-02-17T12:53:52.8247255Z","violations":[],"violationsByPolicy":[],"violationErrorMessage":"The app uses the following connectors: shared_logicflows, shared_office365, shared_commondataservice."},"httpActionRestriction":{"appUsesSharepointHttpAction":false,"enforcementStrategy":"Legacy","evaluationTime":"2024-02-17T12:53:52.8246652Z"}}},"appType":"ClassicCanvasApp","appComponents":[]}}